student_id,name,class,comprehension,attention,focus,retention,engagement_time,concentration_synergy,learning_efficiency,understand_and_retain,assessment_score,predicted_score,learning_persona
1,James Montoya,A,57,48,60,60,43,2880,1.3636363636363635,3420,60.1,57.58171,0
2,Michael Harvey,A,68,96,39,96,16,3744,5.647058823529412,6528,74.02,74.054344,2
3,Luke Moore,C,72,90,85,50,51,7650,0.9615384615384616,3600,76.24,74.80161,0
4,Briana Burch,B,76,74,99,51,57,7326,0.8793103448275862,3876,74.07,74.18689,0
5,Jeff Tucker,B,89,76,49,73,19,3724,3.65,6497,74.12,74.18509,2
6,Donna Walsh,B,81,60,34,91,59,2040,1.5166666666666666,7371,76.11,76.11956,2
7,Jessica Bryant,A,75,97,52,78,26,5044,2.888888888888889,5850,75.34,75.33385,2
8,William Brown,A,76,57,38,60,39,2166,1.5,4560,63.36,63.306847,2
9,Brian Chapman,D,68,72,87,85,30,6264,2.7419354838709675,5780,75.26,75.43041,1
10,Darius Lucas,A,99,47,88,73,22,4136,3.1739130434782608,7227,80.88,79.213936,1
11,Wesley Murphy,A,91,90,83,59,10,7470,5.363636363636363,5369,78.86,78.824005,1
12,Marc Powers,A,78,88,75,47,10,6600,4.2727272727272725,3666,68.29,72.92679,1
13,Sara Davis,B,88,56,51,56,56,2856,0.9824561403508771,4928,65.92,65.97427,2
14,Cameron West,B,90,82,93,84,42,7626,1.9534883720930232,7560,89.08,89.140625,1
15,Mark Foster,A,82,70,37,93,47,2590,1.9375,7626,73.49,73.56392,2
16,Matthew Howe,B,68,73,49,74,34,3577,2.1142857142857143,5032,67.56,68.1111,2
17,Tracy Munoz,D,86,45,80,23,35,3600,0.6388888888888888,1978,61.07,61.031033,0
18,Samuel Gonzalez,B,68,61,68,29,22,4148,1.2608695652173914,1972,55,54.873592,0
19,Rose Johnson,D,82,53,66,66,37,3498,1.736842105263158,5412,67.49,70.15586,2
20,Blake Davis,C,96,42,79,94,42,3318,2.186046511627907,9024,83.48,83.4201,2
21,Donna Downs,A,65,51,63,33,46,3213,0.7021276595744681,2145,54.99,54.983208,0
22,Megan Harris,B,72,75,62,57,50,4650,1.1176470588235294,4104,73.5,73.379776,0
23,Randall Mitchell,D,56,51,60,31,39,3060,0.775,1736,51.67,50.94985,0
24,Mary Anderson,C,75,84,83,64,58,6972,1.0847457627118644,4800,80.1,80.1227,1
25,Patrick Jackson,C,81,41,73,36,57,2993,0.6206896551724138,2916,62.95,62.962418,0
26,Pamela Campbell,B,61,41,63,99,17,2583,5.5,6039,66.72,66.69201,2
27,Jennifer Brown,B,57,54,91,54,58,4914,0.9152542372881356,3078,64.74,64.74188,0
28,Jeanne Collins,C,54,62,52,85,56,3224,1.4912280701754386,4590,70.55,70.50715,2
29,Ann Oconnor,A,91,68,75,94,10,5100,8.545454545454545,8554,80.63,80.6095,1
30,Dr. Paul Ramsey,A,77,56,85,60,21,4760,2.727272727272727,4620,70.91,70.742966,1
31,Cynthia Jackson,D,54,71,36,86,14,2556,5.733333333333333,4644,62.37,64.92032,2
32,Kaitlyn Cox,A,98,46,90,48,33,4140,1.411764705882353,4704,71.31,71.296394,0
33,Kathryn Barnes,C,75,69,32,37,15,2208,2.3125,2775,53.35,53.34286,0
34,Matthew Moss,C,54,67,67,39,34,4489,1.1142857142857143,2106,56.46,56.989166,0
35,Tammy Robinson,C,71,53,63,33,10,3339,3,2343,53.5,53.56233,0
36,Douglas Bryan,A,64,83,73,53,34,6059,1.5142857142857142,3392,67.37,67.36422,0
37,Lisa Gray,D,62,69,59,68,10,4071,6.181818181818182,4216,62.3,62.29111,2
38,Peter White,A,77,56,46,73,41,2576,1.7380952380952381,5621,63.92,63.94496,2
39,Walter Smith,D,82,71,88,50,51,6248,0.9615384615384616,4100,73.37,73.461494,0
40,Joanne Young,A,92,85,39,77,51,3315,1.4807692307692308,7084,79.05,79.77275,2
41,Brenda Jennings,C,72,45,47,61,12,2115,4.6923076923076925,4392,57.89,57.89978,2
42,Michael Miles,C,82,90,74,77,58,6660,1.305084745762712,6314,89.23,89.22509,1
43,Melissa Morgan,B,92,63,88,49,28,5544,1.6896551724137931,4508,72.33,72.34615,0
44,Julie Cantu,A,67,45,91,44,52,4095,0.8301886792452831,2948,60.47,60.511665,0
45,Kristen Callahan,A,99,66,88,82,38,5808,2.1025641025641026,8118,86.04,86.03754,1
46,William Nichols,B,79,57,78,38,59,4446,0.6333333333333333,3002,66.26,66.23511,0
47,Seth Carroll,C,75,63,92,91,11,5796,7.583333333333333,6825,80.62,77.16657,1
48,Jorge Hardy,A,65,76,61,27,18,4636,1.4210526315789473,1755,57.12,57.066265,0
49,Vincent West,B,62,95,39,22,26,3705,0.8148148148148148,1364,55.78,55.651653,0
50,Colin Rocha,A,88,63,40,86,55,2520,1.5357142857142858,7568,79.06,78.97891,2
51,Taylor James,D,82,77,99,36,45,7623,0.782608695652174,2952,73.12,73.10801,0
52,Joshua Greene,C,75,73,91,33,26,6643,1.2222222222222223,2475,70.33,70.22527,0
53,Benjamin Johnson,D,97,79,76,28,58,6004,0.4745762711864407,2716,72.77,72.79417,0
54,Ariel Ray,C,50,86,63,81,21,5418,3.6818181818181817,4050,69.14,69.14941,1
55,Andrea Wallace,B,98,54,46,40,29,2484,1.3333333333333333,3920,65.86,65.76516,0
56,Jake Ballard,C,87,50,83,95,59,4150,1.5833333333333333,8265,85.62,82.44916,2
57,Walter Green,C,51,61,69,56,12,4209,4.3076923076923075,2856,52.32,52.355877,0
58,Heather Powell,B,98,93,48,30,52,4464,0.5660377358490566,2940,71.64,71.59711,0
59,Amanda Reid,C,55,63,96,39,59,6048,0.65,2145,65,64.993065,0
60,Evelyn Harris,A,95,40,82,54,13,3280,3.857142857142857,5130,65.31,65.32283,2
61,Elaine Graves,B,99,57,93,72,26,5301,2.6666666666666665,7128,83.5,83.49835,1
62,Heather Patterson,B,87,83,76,66,59,6308,1.1,5742,83.36,83.360374,1
63,Leonard Johnson,B,91,51,35,94,46,1785,2,8554,78.49,78.46335,2
64,Michael Anderson MD,D,73,96,45,71,55,4320,1.2678571428571428,5183,74.53,75.288994,2
65,William Lara,D,67,82,47,27,51,3854,0.5192307692307693,1809,60.25,60.278664,0
66,Donald Scott,C,76,67,81,23,24,5427,0.92,1748,60.45,60.42177,0
67,Mary Tucker,B,90,79,77,46,42,6083,1.069767441860465,4140,78.75,78.65514,0
68,Roger Mercer,C,57,99,72,63,25,7128,2.423076923076923,3591,77,76.92316,1
69,Amanda Ruiz,A,77,46,68,59,20,3128,2.8095238095238093,4543,66.3,62.89111,2
70,Mr. James Davis MD,B,59,62,78,66,29,4836,2.2,3894,66.64,66.94735,0
71,Cathy Daniel,A,66,60,41,63,47,2460,1.3125,4158,66.42,61.76353,2
72,Nicole Anderson,C,78,73,39,67,33,2847,1.9705882352941178,5226,69.24,69.23165,2
73,Christopher Hall,D,55,50,84,71,25,4200,2.730769230769231,3905,61.72,63.03138,0
74,Joan Wright,C,63,61,30,87,39,1830,2.175,5481,64.94,66.14795,2
75,Christopher Norris,A,71,81,78,30,43,6318,0.6818181818181818,2130,66.78,66.72646,0
76,Cynthia Singh,B,55,74,65,96,10,4810,8.727272727272727,5280,73.18,72.8204,1
77,Diana Farley,C,75,91,50,92,33,4550,2.7058823529411766,6900,78.11,78.013664,2
78,Danielle Velasquez,B,88,68,66,23,33,4488,0.6764705882352942,2024,60.05,61.93381,0
79,Mr. George Rodriguez,D,61,81,53,95,18,4293,5,5795,72.61,74.16423,2
80,Nicole Wilson,D,84,67,84,92,31,5628,2.875,7728,85.19,84.913864,1
81,Rebecca Cameron,D,63,98,54,96,21,5292,4.363636363636363,6048,79.91,79.85671,1
82,Jeffrey Davis,B,71,57,36,67,26,2052,2.4814814814814814,4757,61.26,61.329304,2
83,Brittany Goodman,C,72,53,53,45,34,2809,1.2857142857142858,3240,56.22,58.23898,0
84,Lisa Ferguson,B,97,57,40,96,37,2280,2.526315789473684,9312,83.6,83.55605,2
85,Elizabeth Freeman,B,56,67,41,58,24,2747,2.32,3248,54.22,57.71612,2
86,Michael Austin,C,89,63,64,77,39,4032,1.925,6853,80.19,80.16764,2
87,James Washington,D,99,47,92,38,36,4324,1.027027027027027,3762,71.57,68.60929,0
88,Regina Griffith,D,74,81,97,96,31,7857,3,7104,90.24,90.16192,1
89,Carl Hunter,C,62,93,86,96,19,7998,4.8,5952,82.33,82.3633,1
90,Emily Mullins,B,70,84,42,77,40,3528,1.8780487804878048,5390,71.62,71.69124,2
91,Sherri Shepard,B,90,92,52,47,36,4784,1.2702702702702702,4230,73.23,74.32496,0
92,Michael Ramsey,D,59,47,68,85,21,3196,3.8636363636363638,5015,64,64.04994,2
93,Dr. Jennifer Oneal MD,A,58,43,41,29,55,1763,0.5178571428571429,1682,47.1,47.119007,0
94,Lynn Hogan,A,64,66,63,96,40,4158,2.341463414634146,6144,78.28,73.7133,2
95,Jennifer Ford,A,51,75,60,77,41,4500,1.8333333333333333,3927,64.36,64.507744,0
96,Keith Poole,B,74,44,91,92,41,4004,2.1904761904761907,6808,75.95,75.955826,2
97,Desiree Lloyd,B,62,72,42,33,50,3024,0.6470588235294118,2046,53.59,53.686356,0
98,Grace Graham,D,83,88,60,34,54,5280,0.6181818181818182,2822,69.29,69.30273,0
99,Randall Bonilla,A,83,73,31,52,44,2263,1.1555555555555554,4316,64.63,64.65437,2
100,Robin Cummings,D,84,69,44,36,55,3036,0.6428571428571429,3024,64.71,64.63317,0
101,Scott Whitney,D,87,47,86,43,30,4042,1.3870967741935485,3741,66.18,66.21636,0
102,Matthew Cohen,D,52,78,63,49,19,4914,2.45,2548,59.26,59.57724,0
103,Sonya Stokes,C,91,86,97,81,25,8342,3.1153846153846154,7371,90.61,90.607925,1
104,Mary Miller,A,55,65,58,32,16,3770,1.8823529411764706,1760,51.15,51.118793,0
105,Stacy Fisher,A,97,96,95,81,13,9120,5.785714285714286,7857,94.28,89.806496,1
106,Jennifer Case,C,98,76,45,66,36,3420,1.7837837837837838,6468,76.24,76.148796,2
107,Kenneth Smith,C,68,73,68,35,34,4964,1,2380,64.36,64.228806,0
108,Phillip Pena,A,52,46,66,85,40,3036,2.073170731707317,4420,68.86,68.842926,2
109,Patricia Scott,C,67,79,50,62,20,3950,2.9523809523809526,4154,66.51,66.40473,2
110,Louis Bell,D,88,67,73,27,57,4891,0.46551724137931033,2376,67.31,67.28183,0
111,Veronica Allen,B,58,78,48,22,29,3744,0.7333333333333333,1276,52.4,52.39628,0
112,Austin Burnett,D,61,78,37,31,45,2886,0.6739130434782609,1891,51.92,51.87871,0
113,Michael Fowler,A,54,67,95,35,26,6365,1.2962962962962963,1890,59.75,59.770363,0
114,Casey Kim,C,52,53,70,97,54,3710,1.7636363636363637,5044,69.35,69.39797,2
115,Erica Ellis,B,60,92,99,99,20,9108,4.714285714285714,5940,86.78,86.78252,1
116,Thomas Rodriguez,A,79,89,90,78,39,8010,1.95,6162,84.13,84.22354,1
117,Jennifer Cross,C,53,77,55,68,44,4235,1.511111111111111,3604,64.26,64.25764,0
118,Amanda Deleon,B,54,43,99,82,50,4257,1.607843137254902,4428,65.83,65.848206,0
119,Thomas Flowers,B,50,81,58,81,47,4698,1.6875,4050,66.96,66.939995,2
120,Nicole Jones,C,76,57,95,68,31,5415,2.125,5168,74.66,74.659035,1
121,Molly Hunter,B,77,83,48,70,52,3984,1.320754716981132,5390,72.62,72.67232,2
122,Mary Rodriguez,A,78,87,97,52,57,8439,0.896551724137931,4056,82.47,82.40458,1
123,Denise Johnson,C,67,64,87,49,36,5568,1.3243243243243243,3283,64.38,64.35783,0
124,Angela Stevens,D,61,46,99,78,46,4554,1.6595744680851063,4758,72.1,72.041695,0
125,Jennifer Peterson,A,62,77,86,95,55,6622,1.6964285714285714,5890,80.97,83.43522,1
126,Victoria Myers,A,90,67,66,34,58,4422,0.576271186440678,3060,69.14,69.1918,0
127,Kelsey Schmidt,C,51,44,90,42,44,3960,0.9333333333333333,2142,52.53,52.5729,0
128,George Thompson,C,86,42,59,97,13,2478,6.928571428571429,8342,73.45,73.4606,2
129,Heather Sanders,B,94,83,54,64,25,4482,2.4615384615384617,6016,75.08,75.19419,2
130,Joseph Leonard,A,65,70,94,81,25,6580,3.1153846153846154,5265,78.19,78.08004,1
131,Mark Castro,B,97,86,35,98,30,3010,3.161290322580645,9506,86.39,86.3374,2
132,Erika Fowler,A,73,81,47,90,35,3807,2.5,6570,74,75.99574,2
133,Marcus Lynch,A,84,97,39,34,45,3783,0.7391304347826086,2856,66.4,66.43323,0
134,John Walter,D,71,59,40,65,28,2360,2.2413793103448274,4615,60.2,60.15301,2
135,Brooke Lang,A,85,58,94,83,26,5452,3.074074074074074,7055,82.86,82.85293,1
136,Katrina Gray,B,60,87,94,65,54,8178,1.1818181818181819,3900,79.79,79.80782,1
137,Randy Kelley,B,95,99,81,75,35,8019,2.0833333333333335,7125,87.49,87.50992,1
138,Doris Hays,D,78,50,96,63,31,4800,1.96875,4914,73.26,73.31417,0
139,Christine Hill,B,84,79,60,94,37,4740,2.473684210526316,7896,82,82.012115,2
140,James Berger,C,97,42,46,48,10,1932,4.363636363636363,4656,60.41,60.417725,2
141,Tamara Marsh,D,64,62,84,81,53,5208,1.5,5184,75.09,75.0979,1
142,Nathan Young,B,80,46,65,71,45,2990,1.5434782608695652,5680,73.25,73.146835,2
143,Catherine Kelley,B,91,62,55,73,52,3410,1.3773584905660377,6643,74.49,74.55657,2
144,Brenda Juarez,C,90,46,82,76,46,3772,1.6170212765957446,6840,79.16,79.17717,2
145,Loretta Crawford,D,92,85,46,85,11,3910,7.083333333333333,7820,77.73,77.72217,2
146,Christopher Leonard,C,65,73,54,41,26,3942,1.5185185185185186,2665,55.95,55.9154,0
147,Dean Jenkins,D,59,81,31,39,49,2511,0.78,2301,55.7,55.727818,0
148,Kurt Mcdonald,D,98,58,34,52,47,1972,1.0833333333333333,5096,67.43,67.42376,2
149,William Krueger,A,81,97,33,91,30,3201,2.935483870967742,7371,74.17,77.99793,2
150,David Barnes,B,51,48,65,44,18,3120,2.3157894736842106,2244,52.57,52.557926,0
151,Catherine Davis,B,73,87,35,65,22,3045,2.8260869565217392,4745,62.76,62.83351,2
152,Andrew Torres,A,72,90,50,92,20,4500,4.380952380952381,6624,77.59,77.62042,2
153,Timothy Lloyd,C,51,57,55,76,25,3135,2.923076923076923,3876,62.76,62.727478,2
154,Alyssa Stewart,A,87,80,84,24,25,6720,0.9230769230769231,2088,72.07,72.07685,0
155,Maria Sullivan,B,80,87,68,74,11,5916,6.166666666666667,5920,76.7,77.47582,1
156,Lydia Medina,B,89,84,62,80,51,5208,1.5384615384615385,7120,81.28,82.522026,2
157,Joshua Cisneros,A,75,81,43,27,53,3483,0.5,2025,62.56,62.541775,0
158,Ronald Young,A,78,64,85,35,17,5440,1.9444444444444444,2730,65.31,65.24735,0
159,Leah Williams,A,52,91,50,67,52,4550,1.2641509433962264,3484,66.35,66.399445,0
160,Eric Davis,B,63,53,75,80,51,3975,1.5384615384615385,5040,69.2,69.11389,2
161,Scott Nelson,A,74,83,45,34,22,3735,1.4782608695652173,2516,58.01,57.939777,0
162,Nathaniel Williams,A,97,64,45,84,26,2880,3.111111111111111,8148,77.23,77.248085,2
163,Eric Leon,C,50,58,58,41,48,3364,0.8367346938775511,2050,53.73,53.689507,0
164,Rebecca Torres,A,52,78,37,22,33,2886,0.6470588235294118,1144,46.47,46.486153,0
165,Jamie Mills,B,75,94,32,73,12,3008,5.615384615384615,5475,69.19,69.20992,2
166,Nathan Jones,C,67,54,48,33,39,2592,0.825,2211,53.98,53.813316,0
167,Jonathan Friedman,D,58,55,95,55,22,5225,2.391304347826087,3190,59.96,60.04125,0
168,Brittany Wilkins,B,87,66,51,86,28,3366,2.9655172413793105,7482,76.07,76.07186,2
169,Sherry Hicks,B,72,79,75,29,16,5925,1.7058823529411764,2088,58.24,58.318367,0
170,Monica Clark,D,70,49,42,68,18,2058,3.5789473684210527,4760,59.7,59.685066,2
171,Tracy Mills,B,50,43,62,84,28,2666,2.896551724137931,4200,56.4,56.468594,2
172,Victoria Jones,D,70,90,34,76,54,3060,1.3818181818181818,5320,74.54,74.461525,2
173,Walter Lloyd,D,76,58,56,46,49,3248,0.92,3496,59.99,62.70352,0
174,Brittney Robbins,B,91,67,53,94,31,3551,2.9375,8554,77.9,80.73691,2
175,Jeffrey Romero,A,55,60,96,24,27,5760,0.8571428571428571,1320,54.46,54.441887,0
176,Amanda Fox,A,93,98,92,90,32,9016,2.727272727272727,8370,99.25,99.21614,1
177,Sean Taylor,D,85,86,77,76,11,6622,6.333333333333333,6460,82.63,82.587296,1
178,Amanda Owens,C,77,53,92,34,59,4876,0.5666666666666667,2618,61.83,61.8407,0
179,Anthony Spencer,D,94,72,41,95,59,2952,1.5833333333333333,8930,81.73,81.75307,2
180,Sarah Cook,D,66,87,57,49,20,4959,2.3333333333333335,3234,63.42,63.458675,0
181,Mary Adkins,D,89,49,73,39,40,3577,0.9512195121951219,3471,69.25,64.02388,0
182,Kyle Horton,A,52,58,72,56,42,4176,1.302325581395349,2912,57.93,57.86169,0
183,Tina Ross,A,61,69,46,22,23,3174,0.9166666666666666,1342,47.24,51.019043,0
184,Sally Smith,A,88,61,69,92,25,4209,3.5384615384615383,8096,83.83,83.81723,2
185,Patricia Robinson,D,61,42,78,60,20,3276,2.857142857142857,3660,59.4,59.362347,0
186,John Adams,C,51,76,86,58,42,6536,1.3488372093023255,2958,69.02,70.41278,0
187,Katherine Anderson,A,95,80,93,45,16,7440,2.6470588235294117,4275,75.84,75.908936,1
188,Michael Garcia,B,71,57,86,21,40,4902,0.5121951219512195,1491,57.87,57.882175,0
189,Jeffrey Thompson,B,72,50,99,42,57,4950,0.7241379310344828,3024,69.3,69.18734,0
190,Karen Hickman,B,79,87,72,42,55,6264,0.75,3318,72.44,72.42634,0
191,Michael Cox,D,54,41,52,35,56,2132,0.6140350877192983,1890,50.84,50.801487,0
192,Lucas Nelson PhD,B,58,51,56,28,23,2856,1.1666666666666667,1624,48.37,48.388004,0
193,Christine Brock,D,70,93,87,32,37,8091,0.8421052631578947,2240,67.48,67.54954,0
194,Jacob Olson,B,60,45,66,47,52,2970,0.8867924528301887,2820,56.76,56.343906,0
195,Katherine Burton,C,54,82,35,46,25,2870,1.7692307692307692,2484,56.58,54.35131,0
196,Sandra Farley,D,84,98,94,70,28,9212,2.413793103448276,5880,88.21,88.25589,1
197,Diana Adams,B,76,79,35,83,26,2765,3.074074074074074,6308,71.81,71.823044,2
198,Jasmine Johnson,A,98,83,79,71,35,6557,1.9722222222222223,6958,82.17,82.17673,1
199,Christopher Paul,D,51,68,51,57,15,3468,3.5625,2907,52.07,52.088306,0
200,Duane Johnson,A,73,98,54,84,52,5292,1.5849056603773586,6132,78.42,78.49683,2
201,Chris Jackson,A,80,69,80,37,58,5520,0.6271186440677966,2960,68.1,68.075005,0
202,Tiffany Brown,A,82,41,77,82,18,3157,4.315789473684211,6724,71.05,71.12742,2
203,Christopher Reyes Jr.,A,88,48,99,70,59,4752,1.1666666666666667,6160,76.81,76.80441,1
204,George Brooks,B,79,86,94,28,26,8084,1.037037037037037,2212,71.84,71.80965,0
205,Victoria Hardin,B,95,41,89,32,40,3649,0.7804878048780488,3040,62.91,65.24983,0
206,Breanna Hill,D,86,68,75,59,21,5100,2.6818181818181817,5074,69.98,70.093475,1
207,Colin Parrish,D,77,72,65,74,32,4680,2.242424242424242,5698,74.43,74.40594,2
208,Timothy Wood,D,80,49,87,98,14,4263,6.533333333333333,7840,81.08,81.0626,1
209,Lindsay Jackson DDS,B,60,73,67,62,52,4891,1.169811320754717,3720,71.82,71.847595,0
210,Stephen Dennis,D,72,83,40,63,45,3320,1.3695652173913044,4536,69.61,68.52667,2
211,Alan Espinoza,A,51,94,41,87,45,3854,1.891304347826087,4437,73.9,73.881294,2
212,Edward Noble,B,89,47,71,52,12,3337,4,4628,62.71,63.78812,2
213,Tyler Howell,D,90,76,68,43,33,5168,1.2647058823529411,3870,75.35,75.3355,0
214,Victor Hamilton,A,76,93,40,55,26,3720,2.037037037037037,4180,64.08,64.22251,2
215,Elizabeth Gonzalez,D,84,99,65,29,48,6435,0.5918367346938775,2436,70.26,70.27939,0
216,Dominique Campbell,C,51,72,81,39,35,5832,1.0833333333333333,1989,60.19,60.100952,0
217,Bruce Mccormick,D,88,86,60,94,13,5160,6.714285714285714,8272,81.24,81.31549,1
218,Toni Allen,C,86,45,62,31,54,2790,0.5636363636363636,2666,58.15,58.148308,0
219,Katherine Barber,D,70,83,42,81,21,3486,3.6818181818181817,5670,68.84,68.95074,2
220,Kylie Benson,D,54,79,47,37,10,3713,3.3636363636363638,1998,51.7,51.714397,0
221,Jessica Taylor,B,94,84,70,82,30,5880,2.6451612903225805,7708,88.77,88.62951,1
222,Anthony Pace,B,70,58,87,44,28,5046,1.5172413793103448,3080,63.62,63.550377,0
223,William Chang,C,78,71,85,31,30,6035,1,2418,64.45,64.48149,0
224,Sarah Wilson,B,69,66,53,40,27,3498,1.4285714285714286,2760,51.98,52.15819,0
225,Lauren Thornton,A,87,40,60,44,52,2400,0.8301886792452831,3828,63.39,63.38874,0
226,Nicholas Shelton,A,69,82,84,30,12,6888,2.3076923076923075,2070,64.57,64.48655,0
227,Joshua Johnson,C,99,91,39,83,58,3549,1.4067796610169492,8217,82.85,82.87215,2
228,Eric Barnes,A,74,72,89,92,53,6408,1.7037037037037037,6808,84.81,84.81218,1
229,Scott Welch,A,51,79,31,69,41,2449,1.6428571428571428,3519,60.55,60.49439,2
230,Richard Harris,D,81,71,44,81,19,3124,4.05,6561,74.22,74.03845,2
231,Haley Harper,B,75,44,32,68,49,1408,1.36,5100,59.87,59.933132,2
232,Mary Washington,A,55,56,72,33,24,4032,1.32,1815,50.39,50.4763,0
233,Stephen White,A,90,47,60,20,14,2820,1.3333333333333333,1800,53.26,53.247623,0
234,Cameron Hodges,B,52,96,99,44,13,9504,3.142857142857143,2288,70.57,70.55548,1
235,Tristan Bean,A,82,81,96,78,37,7776,2.0526315789473686,6396,87.68,87.686424,1
236,Valerie Newman,A,50,73,85,91,13,6205,6.5,4550,72.06,72.01455,1
237,Richard White,B,54,48,92,88,24,4416,3.52,4752,70.8,70.80027,1
238,Alicia Henderson,D,62,95,44,24,26,4180,0.8888888888888888,1488,50.94,51.073204,0
239,Megan Cox,A,68,62,39,38,53,2418,0.7037037037037037,2584,57.57,53.684387,0
240,Travis Ward,B,61,74,67,42,12,4958,3.230769230769231,2562,56.53,56.673332,0
241,Michael Mckee,A,97,89,76,28,19,6764,1.4,2716,75.54,75.52239,0
242,Keith Allen,A,74,46,86,69,56,3956,1.2105263157894737,5106,69.61,69.63141,0
243,Cheryl Nunez,D,84,54,79,35,51,4266,0.6730769230769231,2940,63.63,63.713684,0
244,Chase Garcia,C,61,92,44,52,32,4048,1.5757575757575757,3172,64.31,64.22775,0
245,Brent Jones,C,79,93,47,21,27,4371,0.75,1659,61.67,61.657017,0
246,Tamara Walter,B,54,59,31,33,10,1829,3,1782,42.96,42.95474,0
247,Melissa Garcia,C,83,89,72,20,44,6408,0.4444444444444444,1660,67.7,67.64879,0
248,Renee Wilkerson,B,71,64,55,77,40,3520,1.8780487804878048,5467,71.18,71.090805,2
249,Joseph Harrington,C,88,42,67,35,53,2814,0.6481481481481481,3080,62.67,62.62854,0
250,Emily Villegas,D,62,99,71,98,10,7029,8.909090909090908,6076,80.74,80.73746,1
251,Donna Rodriguez,B,96,94,34,66,12,3196,5.076923076923077,6336,76.43,76.40074,2
252,Michael King,C,52,85,40,63,12,3400,4.846153846153846,3276,61.94,61.909332,2
253,Barbara Fuller,D,69,63,94,99,46,5922,2.106382978723404,6831,80.78,80.80522,1
254,Erica Johnson,C,80,73,63,33,28,4599,1.1379310344827587,2640,61.1,61.111786,0
255,Nathaniel Goodman,A,54,85,30,43,38,2550,1.1025641025641026,2322,54.8,54.80462,0
256,Patricia King,A,73,61,31,74,34,1891,2.1142857142857143,5402,62.29,62.357452,2
257,Jennifer Christensen,D,89,50,49,34,42,2450,0.7906976744186046,3026,55.92,55.946598,0
258,Denise Maxwell,A,82,87,90,91,45,7830,1.9782608695652173,7462,92.68,92.58354,1
259,Terry Wilson,A,57,47,50,53,38,2350,1.358974358974359,3021,49.35,49.40241,0
260,Patricia Salazar,B,73,78,97,21,35,7566,0.5833333333333334,1533,64.57,64.59527,0
261,Christina Simon,C,99,82,41,46,13,3362,3.2857142857142856,4554,70.69,70.63473,2
262,Lisa Richardson,B,69,74,51,93,58,3774,1.576271186440678,6417,77.91,77.92952,2
263,Charles Hernandez,C,65,88,49,91,23,4312,3.7916666666666665,5915,74.03,76.65386,2
264,Mark Taylor,A,99,85,30,42,59,2550,0.7,4158,68.79,68.80262,2
265,Andrea Sanchez,B,61,77,59,87,36,4543,2.3513513513513513,5307,73.63,73.666176,2
266,Angel Anderson,C,62,47,53,33,42,2491,0.7674418604651163,2046,48.73,48.72906,0
267,Carol Oneal,C,94,93,43,82,31,3999,2.5625,7708,83.36,83.37118,2
268,Charles Rodriguez,B,91,76,65,84,57,4940,1.4482758620689655,7644,85.6,85.607376,2
269,Reginald Schultz,D,88,66,98,87,12,6468,6.6923076923076925,7656,84.95,84.203156,1
270,Jean Sanchez,C,74,67,53,82,32,3551,2.484848484848485,6068,70.9,70.840126,2
271,John Lee,A,95,79,89,83,30,7031,2.6774193548387095,7885,93.06,93.02075,1
272,Michelle Snyder,C,81,73,84,51,50,6132,1,4131,75.15,75.122284,0
273,Debra Phillips,A,73,71,53,98,32,3763,2.9696969696969697,7154,76.8,76.86972,2
274,Andrea Austin,B,97,54,53,32,13,2862,2.2857142857142856,3104,60.78,60.77392,0
275,David Jones,C,96,83,83,85,30,6889,2.7419354838709675,8160,88.21,88.26864,1
276,Juan Johnson,A,93,56,55,38,46,3080,0.8085106382978723,3534,64.02,64.06484,0
277,Ashley Cooke,A,58,72,95,43,52,6840,0.8113207547169812,2494,71.49,71.485146,0
278,Robert White,B,89,86,67,30,40,5762,0.7317073170731707,2670,68.17,69.37266,0
279,Mark Byrd,C,99,85,94,78,30,7990,2.5161290322580645,7722,91.13,91.11354,1
280,John Dixon,C,72,91,80,34,35,7280,0.9444444444444444,2448,67.8,67.83958,0
281,Ian Small,B,99,93,64,29,50,5952,0.5686274509803921,2871,72.51,72.9362,0
282,Christopher Wallace,C,62,55,72,60,44,3960,1.3333333333333333,3720,64.55,64.54181,0
283,Eric Kaiser,B,81,68,58,46,47,3944,0.9583333333333334,3726,66.76,66.84557,0
284,Terri Armstrong,C,99,48,66,79,33,3168,2.323529411764706,7821,79.68,79.709595,2
285,Gloria Anderson,D,64,72,87,92,20,6264,4.380952380952381,5888,79.57,79.52622,1
286,Robert Gonzales,C,85,99,83,71,50,8217,1.392156862745098,6035,89.5,89.45437,1
287,Kayla Gibson,A,98,88,68,47,38,5984,1.205128205128205,4606,76.27,76.39137,0
288,David Rogers,A,54,68,71,84,56,4828,1.4736842105263157,4536,73.09,73.09572,2
289,Sarah Munoz,D,71,52,57,36,12,2964,2.769230769230769,2556,54.68,54.642807,0
290,Heidi Adams,C,65,60,58,63,10,3480,5.7272727272727275,4095,58.98,59.04648,2
291,William Nguyen,A,90,97,72,29,28,6984,1,2610,71.46,74.503746,0
292,Robert Clark,A,59,60,32,82,55,1920,1.4642857142857142,4838,61.04,61.073143,2
293,Cody Olsen,C,73,44,39,66,58,1716,1.11864406779661,4818,63.51,63.468025,2
294,Melissa Neal,B,67,49,88,57,31,4312,1.78125,3819,65.93,65.859856,0
295,Eric Ortega,C,98,45,43,89,23,1935,3.7083333333333335,8722,77.77,77.77245,2
296,Melissa Donovan,B,67,95,76,95,58,7220,1.6101694915254237,6365,86.47,86.44052,1
297,Marc Wright,D,56,90,71,72,23,6390,3,4032,72.01,72.04606,1
298,Lauren Hernandez,D,53,96,61,97,53,5856,1.7962962962962963,5141,81.36,81.376274,1
299,Stephanie White,A,75,52,61,63,25,3172,2.423076923076923,4725,62.86,62.814095,2
300,Amy Charles,A,54,40,71,93,42,2840,2.1627906976744184,5022,64.53,64.5289,2
301,Kimberly Evans,A,65,59,61,73,22,3599,3.1739130434782608,4745,63.78,63.806953,2
302,Gregory Young,B,84,96,55,39,47,5280,0.8125,3276,70.72,70.67103,0
303,Morgan Dunn,A,75,86,30,98,58,2580,1.6610169491525424,7350,77.81,77.80614,2
304,Lisa Moore,C,67,85,85,50,21,7225,2.272727272727273,3350,68.49,68.5652,1
305,Ruth Joseph,B,78,47,31,26,47,1457,0.5416666666666666,2028,52.18,54.261024,0
306,Matthew Meyer,D,72,49,59,77,48,2891,1.5714285714285714,5544,68.4,68.47054,2
307,Jonathan Brown,B,63,48,81,29,42,3888,0.6744186046511628,1827,55.6,55.608765,0
308,Lindsey Myers,A,64,88,38,29,42,3344,0.6744186046511628,1856,55.48,55.47496,0
309,Melissa Mitchell,C,98,80,51,58,38,4080,1.4871794871794872,5684,75.07,75.10652,2
310,Cheyenne King,C,82,42,63,47,14,2646,3.1333333333333333,3854,59.58,59.589046,2
311,Dr. Brian Roberts,A,74,50,78,49,15,3900,3.0625,3626,61.82,61.79382,0
312,Sara Larsen,C,70,51,30,56,40,1530,1.3658536585365855,3920,58.05,58.05003,2
313,Christine Martinez,B,66,49,82,86,25,4018,3.3076923076923075,5676,73.52,69.91077,2
314,Kurt Jones,B,72,64,69,62,40,4416,1.5121951219512195,4464,67.38,67.5395,0
315,Samantha Dudley,A,92,88,74,98,34,6512,2.8,9016,93.83,93.809845,1
316,Jennifer Foster,C,66,88,97,71,57,8536,1.2241379310344827,4686,79.91,79.9083,1
317,William Taylor,D,63,64,38,75,55,2432,1.3392857142857142,4725,69.44,64.51076,2
318,Mike Jackson,B,78,50,51,95,42,2550,2.2093023255813953,7410,72.52,72.8982,2
319,Anthony Roth,B,69,93,47,87,22,4371,3.782608695652174,6003,77.06,76.97394,2
320,Russell Phillips,B,79,75,72,28,19,5400,1.4,2212,60.1,60.277008,0
321,John Hill,B,68,78,68,42,33,5304,1.2352941176470589,2856,63.84,63.89799,0
322,Douglas Wise,D,88,92,35,82,19,3220,4.1,7216,80.96,77.583176,2
323,Dawn Lewis,A,62,65,77,80,50,5005,1.5686274509803921,4960,71.58,71.6258,2
324,Christopher Young,B,67,53,36,59,40,1908,1.4390243902439024,3953,62.26,59.967484,2
325,Lawrence Contreras,C,72,78,98,63,22,7644,2.739130434782609,4536,76.07,73.65614,1
326,Christopher Sutton,D,95,95,45,43,12,4275,3.3076923076923075,4085,72.5,72.52822,2
327,Alicia Ramirez,B,82,79,30,70,59,2370,1.1666666666666667,5740,73.22,73.22165,2
328,William Bradshaw,C,88,40,66,77,43,2640,1.75,6776,73.56,73.58235,2
329,Haley Jacobson,B,89,95,66,52,58,6270,0.8813559322033898,4628,77.04,77.08264,0
330,William Long,A,67,93,93,35,37,8649,0.9210526315789473,2345,69.7,69.681305,0
331,Nathan Stephens,D,58,43,91,41,28,3913,1.4137931034482758,2378,58.31,58.16146,0
332,Jeffrey Ingram,A,82,69,90,76,32,6210,2.303030303030303,6232,79.75,79.7243,1
333,Benjamin Craig,D,81,51,62,81,54,3162,1.4727272727272727,6561,74.66,74.664276,2
334,Kayla Moore,B,66,95,95,90,41,9025,2.142857142857143,5940,84.14,86.34653,1
335,Shari Jones,B,68,74,59,91,22,4366,3.9565217391304346,6188,73.4,76.31847,2
336,Deanna Hernandez,D,76,52,49,89,42,2548,2.0697674418604652,6764,74.01,73.905396,2
337,Sharon Chaney,C,55,91,89,49,43,8099,1.1136363636363635,2695,67.49,71.53132,0
338,Morgan Gonzales,C,84,70,53,42,42,3710,0.9767441860465116,3528,66.95,66.83416,0
339,Thomas Lopez,B,86,77,33,51,14,2541,3.4,4386,64.29,64.29918,2
340,Beth Romero,B,83,82,66,76,12,5412,5.846153846153846,6308,77.08,77.10552,1
341,Lauren Richmond,A,69,62,33,28,16,2046,1.6470588235294117,1932,48.16,48.145077,0
342,Eric Monroe,B,74,43,47,50,33,2021,1.4705882352941178,3700,55.6,57.18495,0
343,Bobby Avery,D,53,91,95,90,31,8645,2.8125,4770,79.99,80.008095,1
344,Kristie Hoffman,C,59,55,77,28,54,4235,0.509090909090909,1652,57.48,57.374115,0
345,Deborah Richards,C,59,46,62,32,32,2852,0.9696969696969697,1888,48.95,48.958252,0
346,Greg Wilson,A,73,61,87,77,39,5307,1.925,5621,79.48,79.31012,1
347,Tony Robinson,C,70,68,57,22,27,3876,0.7857142857142857,1540,54.7,54.69989,0
348,Amber Goodman,C,60,50,64,54,41,3200,1.2857142857142858,3240,57.33,59.16114,0
349,Hunter Evans,D,76,95,39,40,16,3705,2.3529411764705883,3040,64.69,64.70968,0
350,Tyler Fischer,C,65,72,94,83,42,6768,1.930232558139535,5395,80.38,80.396774,1
351,Bethany Kaiser,A,75,97,71,71,14,6887,4.733333333333333,5325,74.73,74.7958,1
352,Annette Alvarado,A,79,68,38,53,58,2584,0.8983050847457628,4187,63.41,63.455776,2
353,Andrew Newman,C,98,98,89,54,37,8722,1.4210526315789473,5292,86.4,83.23187,1
354,Philip King,B,65,78,44,34,17,3432,1.8888888888888888,2210,51.65,51.727654,0
355,Mark Jackson,C,56,51,86,25,24,4386,1,1400,55.67,55.629738,0
356,Shawn Johnson,A,65,46,98,51,13,4508,3.642857142857143,3315,63.19,63.170807,0
357,Tracy Willis,A,84,98,51,71,43,4998,1.6136363636363635,5964,80.04,78.50632,2
358,Kelly Olson,D,65,94,93,47,14,8742,3.1333333333333333,3055,70.77,70.77242,1
359,Teresa Mays,C,89,78,70,83,42,5460,1.930232558139535,7387,83.07,83.05579,1
360,Diana Brown,C,61,81,85,98,14,6885,6.533333333333333,5978,75.98,76.02528,1
361,Kenneth Jacobs,D,84,87,52,97,47,4524,2.0208333333333335,8148,82.32,82.30086,2
362,William Frank,A,98,65,54,38,43,3510,0.8636363636363636,3724,71.76,65.61872,0
363,Jaime Malone,D,70,79,35,34,35,2765,0.9444444444444444,2380,59.82,54.51662,0
364,Pamela Johnson,B,99,48,63,25,10,3024,2.272727272727273,2475,57.71,57.740612,0
365,Jeffery Hoffman,C,92,80,92,92,13,7360,6.571428571428571,8464,91.76,91.73852,1
366,Kenneth Suarez,A,85,73,38,57,48,2774,1.163265306122449,4845,69.73,69.699,2
367,Julie Zuniga,D,97,84,89,45,35,7476,1.25,4365,81.23,81.162674,1
368,Norman Ali,A,66,52,78,70,42,4056,1.627906976744186,4620,65.17,65.36202,0
369,Joseph Levine,B,81,94,80,92,42,7520,2.13953488372093,7452,86.28,86.39981,1
370,Christian Ware,C,90,94,89,72,17,8366,4,6480,88.84,88.85124,1
371,Victoria Ferguson,D,55,75,99,75,29,7425,2.5,4125,69.94,69.915436,1
372,Maria Hendrix,A,73,64,66,78,25,4224,3,5694,71.41,71.58994,2
373,Michael Hubbard,C,76,63,60,89,30,3780,2.870967741935484,6764,74.33,74.35863,2
374,Mr. Gregory Cook,C,69,83,70,97,54,5810,1.7636363636363637,6693,82.87,82.88991,1
375,George Myers,A,74,56,91,77,35,5096,2.138888888888889,5698,75.93,75.97348,1
376,Mary Mitchell,C,51,41,87,32,32,3567,0.9696969696969697,1632,49.04,49.10298,0
377,Aimee Gould,C,58,52,43,62,27,2236,2.2142857142857144,3596,56.27,56.305614,2
378,Karen Ruiz,D,77,70,65,95,40,4550,2.317073170731707,7315,80.93,79.36643,2
379,Jason Hill,C,87,68,65,70,51,4420,1.3461538461538463,6090,81.57,81.42765,2
380,Mary Mullins,D,52,89,37,38,21,3293,1.7272727272727273,1976,50.5,50.51649,0
381,Lisa Cortez,C,69,67,55,40,10,3685,3.6363636363636362,2760,56.81,56.655453,0
382,Christopher Clark,B,55,99,65,43,51,6435,0.8269230769230769,2365,67.2,69.35463,0
383,Richard Thomas,B,88,66,77,45,18,5082,2.3684210526315788,3960,68.33,68.29514,0
384,Ashley Howard,D,82,54,57,64,12,3078,4.923076923076923,5248,62.89,62.896645,2
385,Lee Graham,D,50,70,97,47,35,6790,1.3055555555555556,2350,65.95,69.48529,0
386,Beth Ochoa,B,86,79,91,48,18,7189,2.526315789473684,4128,75.51,75.48167,1
387,Christy Lee,C,55,54,80,36,51,4320,0.6923076923076923,1980,54.05,54.100975,0
388,Troy Cruz,D,94,72,71,87,25,5112,3.3461538461538463,8178,85.19,85.190346,1
389,Sean Collier,A,83,59,58,63,33,3422,1.8529411764705883,5229,72.27,68.650764,2
390,Shawn Vasquez,C,96,81,39,80,59,3159,1.3333333333333333,7680,82.16,82.16774,2
391,John Mcintyre,C,64,51,68,87,23,3468,3.625,5568,68.34,68.26551,2
392,Ronald Hunt,B,94,76,30,93,12,2280,7.153846153846154,8742,81.35,79.60878,2
393,Catherine Riddle,D,75,48,68,44,43,3264,1,3300,58.99,59.063347,0
394,Michael Richards,C,63,62,50,86,42,3100,2,5418,72.31,72.28163,2
395,Christopher Reyes,D,56,47,94,21,59,4418,0.35,1176,56.21,57.58121,0
396,Mary Jones,D,95,71,44,68,33,3124,2,6460,72.64,72.8302,2
397,Amber Franklin,D,80,87,33,89,18,2871,4.684210526315789,7120,74.29,74.33343,2
398,Christopher Smith,B,73,53,89,45,22,4717,1.9565217391304348,3285,62.35,62.388367,0
399,Jessica Brown,D,80,66,90,91,11,5940,7.583333333333333,7280,77.87,77.933464,1
400,Gary Lee,B,78,64,49,46,16,3136,2.7058823529411766,3588,60.67,60.706573,0
401,Regina Hernandez,A,91,52,39,37,57,2028,0.6379310344827587,3367,59.47,59.471325,0
402,Samantha Tucker,C,81,94,63,73,30,5922,2.3548387096774195,5913,80.43,80.37757,1
403,Kayla Stephens,C,66,60,77,20,28,4620,0.6896551724137931,1320,51.57,51.630833,0
404,Laura Bolton,A,63,84,62,80,34,5208,2.2857142857142856,5040,75.48,75.41708,2
405,Jordan Baxter,B,89,70,90,22,56,6300,0.38596491228070173,1958,70.92,70.92512,0
406,Jessica Figueroa,C,85,76,39,87,31,2964,2.71875,7395,75.3,75.397354,2
407,Brittany Suarez,B,97,87,83,60,20,7221,2.857142857142857,5820,83.33,83.1151,1
408,Glenn Hudson,B,73,97,94,56,42,9118,1.302325581395349,4088,80.43,80.4163,1
409,Samantha Gordon,B,94,82,30,70,41,2460,1.6666666666666667,6580,78.27,74.219124,2
410,Katherine Miles,A,76,93,34,34,30,3162,1.096774193548387,2584,58.86,58.9158,0
411,Frank Sanchez,A,74,44,44,27,48,1936,0.5510204081632653,1998,50.84,53.795403,0
412,Garrett Vasquez,B,81,52,57,57,29,2964,1.9,4617,63,62.96594,2
413,Jamie Garcia,D,67,67,52,75,17,3484,4.166666666666667,5025,66.3,66.3134,2
414,Miss Brandy Haas DVM,A,95,82,46,66,51,3772,1.2692307692307692,6270,79.55,79.497734,2
415,Valerie Harris,D,67,64,42,29,46,2688,0.6170212765957447,1943,52.09,52.64178,0
416,Carl Stanley,D,86,90,43,97,18,3870,5.105263157894737,8342,81.93,80.97998,2
417,Lisa Clark,B,75,74,40,68,34,2960,1.9428571428571428,5100,69.76,69.58942,2
418,William Gallegos,D,58,86,57,60,34,4902,1.7142857142857142,3480,68.54,68.5335,0
419,Jill Edwards,D,84,78,71,49,42,5538,1.1395348837209303,4116,73.77,73.77201,0
420,Michael Evans,D,57,46,90,24,11,4140,2,1368,49.48,49.490044,0
421,Richard Wood,B,69,77,93,90,28,7161,3.103448275862069,6210,81.72,81.7591,1
422,Kevin Erickson,B,91,71,60,50,55,4260,0.8928571428571429,4550,74.05,73.999115,0
423,Scott Lambert,A,71,42,39,71,29,1638,2.3666666666666667,5041,60.11,60.05577,2
424,David Cruz,A,68,84,37,42,51,3108,0.8076923076923077,2856,58.07,58.048615,0
425,Ryan Turner,D,79,78,50,67,50,3900,1.3137254901960784,5293,74.36,74.27982,2
426,Anita Sanchez,B,77,76,88,59,51,6688,1.1346153846153846,4543,75.3,75.34713,1
427,Mr. Charles Blair,B,84,94,79,25,38,7426,0.6410256410256411,2100,67.86,67.81202,0
428,Patricia Powell,D,92,89,98,57,15,8722,3.5625,5244,79.67,79.720146,1
429,Jacqueline Chambers,A,60,61,99,60,26,6039,2.2222222222222223,3600,67.15,67.191216,0
430,Stephen Williams,B,80,47,59,46,34,2773,1.3142857142857143,3680,58.41,58.489655,0
431,James Combs,A,98,56,46,94,47,2576,1.9583333333333333,9212,77.04,77.12131,2
432,Mr. Daniel Torres DDS,D,97,91,49,88,13,4459,6.285714285714286,8536,84.04,83.13494,1
433,Mary Carney,B,88,66,77,76,39,5082,1.9,6688,79.05,79.13125,1
434,Nicole Fisher,D,85,72,31,36,29,2232,1.2,3060,58.86,58.889595,0
435,Alexandria Dyer,C,79,85,66,90,12,5610,6.923076923076923,7110,79.75,79.72433,1
436,Robert Green,D,72,56,30,66,32,1680,2,4752,63.97,63.92578,2
437,Diane Obrien,D,68,81,33,98,27,2673,3.5,6664,74.63,74.53501,2
438,Brandon Rice,D,61,51,83,32,35,4233,0.8888888888888888,1952,54.59,54.616295,0
439,Roberto Dixon,B,64,87,54,30,45,4698,0.6521739130434783,1920,59.91,60.43568,0
440,Ryan Wilson,D,80,85,32,43,17,2720,2.388888888888889,3440,64.28,64.149155,2
441,Renee Rasmussen,D,92,66,38,92,26,2508,3.4074074074074074,8464,79.67,78.98702,2
442,Monica Cruz,C,86,87,63,23,40,5481,0.5609756097560976,1978,63.37,63.446907,0
443,Cynthia Ryan,B,86,47,72,65,46,3384,1.3829787234042554,5590,69.46,69.46924,2
444,David Brown,C,64,62,51,37,54,3162,0.6727272727272727,2368,55.13,55.273106,0
445,Leslie Smith,D,78,99,99,62,42,9801,1.441860465116279,4836,84.26,84.23573,1
446,Heather Ramirez,B,99,81,31,99,36,2511,2.675675675675676,9801,84,84.052414,2
447,Daniel Collins,C,92,88,95,52,54,8360,0.9454545454545454,4784,84.54,84.52007,1
448,Wanda Martin,D,75,98,61,29,13,5978,2.0714285714285716,2175,65.45,65.43176,0
449,Helen Thomas,A,93,68,45,92,31,3060,2.875,8556,82.11,82.05406,2
450,Gabriella Huffman,C,51,89,30,78,35,2670,2.1666666666666665,3978,63.38,63.37454,2
451,Carlos Johnson,B,69,59,77,50,41,4543,1.1904761904761905,3450,61.44,63.155506,0
452,Victor Fowler,C,64,55,79,47,33,4345,1.3823529411764706,3008,58.76,61.926296,0
453,Daniel Fernandez,C,53,56,42,79,55,2352,1.4107142857142858,4187,60.95,60.92961,2
454,Dakota Crane,C,71,55,44,22,44,2420,0.4888888888888889,1562,48.33,48.37925,0
455,Todd Taylor,A,99,58,82,74,46,4756,1.574468085106383,7326,85.1,85.08008,2
456,Timothy Burch,B,87,95,73,33,41,6935,0.7857142857142857,2871,70.98,72.78647,0
457,Sharon Evans,B,72,95,37,77,16,3515,4.529411764705882,5544,72.99,72.93441,2
458,Brian Bell,B,75,47,75,34,42,3525,0.7906976744186046,2550,55.56,55.542686,0
459,Mark Velez,D,60,77,98,21,40,7546,0.5121951219512195,1260,63.09,63.053234,0
460,James Price,B,77,77,48,43,21,3696,1.9545454545454546,3311,61.87,61.91817,0
461,Rodney Diaz,B,51,92,67,97,20,6164,4.619047619047619,4947,78.81,78.8028,1
462,Tammie Meyer,A,57,68,40,83,33,2720,2.4411764705882355,4731,62.33,65.46051,2
463,Tammy Hill,D,78,80,72,90,17,5760,5,7020,79.91,79.90351,1
464,Justin Smith,D,60,75,49,43,41,3675,1.0238095238095237,2580,57.64,57.65051,0
465,Anthony Miles,C,86,65,49,46,47,3185,0.9583333333333334,3956,65.66,65.58803,0
466,Mark Johnson,D,67,70,50,56,31,3500,1.75,3752,61.72,61.88594,0
467,Jeremy Lopez,D,99,83,86,58,43,7138,1.3181818181818181,5742,83.85,83.87685,1
468,Gabriel Waters,A,63,99,79,82,28,7821,2.8275862068965516,5166,79.8,79.82588,1
469,Angela Brewer,B,59,51,55,98,29,2805,3.2666666666666666,5782,63.86,63.915443,2
470,Beth Williams,D,84,94,59,45,23,5546,1.875,3780,73.14,73.11554,0
471,Henry Montgomery,D,58,56,60,84,42,3360,1.9534883720930232,4872,72.74,72.58478,2
472,Amy Fleming,A,84,54,71,23,19,3834,1.15,1932,57.84,57.832516,0
473,Eric Robertson,D,60,48,97,48,25,4656,1.8461538461538463,2880,58.24,61.09051,0
474,Anthony Burton,D,93,78,90,20,13,7020,1.4285714285714286,1860,65.74,65.77642,0
475,Travis Adams,A,61,81,90,69,36,7290,1.864864864864865,4209,75.92,75.88894,1
476,Karen Anderson,C,52,87,99,30,37,8613,0.7894736842105263,1560,64.95,64.67632,0
477,Carol Patrick,C,88,51,97,93,52,4947,1.7547169811320755,8184,85.68,85.66985,1
478,Jeremy Hoffman,D,63,71,46,78,25,3266,3,4914,67.75,67.69574,2
479,Casey Herring,D,77,64,48,81,42,3072,1.8837209302325582,6237,68.17,68.26746,2
480,Christopher Bean,B,60,78,80,55,57,6240,0.9482758620689655,3300,71.38,71.338905,0
481,Jennifer Simpson,D,88,57,99,75,28,5643,2.586206896551724,6600,80.93,80.96158,1
482,Louis White,B,74,54,92,40,30,4968,1.2903225806451613,2960,61.84,61.964478,0
483,Eric Munoz,C,70,71,59,32,31,4189,1,2240,55.55,55.56322,0
484,Cristina Newman,D,59,45,54,28,18,2430,1.4736842105263157,1652,45.96,46.98763,0
485,Ryan Parsons,D,92,97,55,30,18,5335,1.5789473684210527,2760,71.49,71.45768,0
486,Patricia Carney,A,64,83,85,94,18,7055,4.947368421052632,6016,80.18,80.7736,1
487,Cathy Willis,D,68,82,51,89,36,4182,2.4054054054054053,6052,73.83,73.9176,2
488,David Cruz Jr.,C,97,91,48,20,26,4368,0.7407407407407407,1940,65.67,65.68451,0
489,Julie Watson,D,71,74,60,89,53,4440,1.6481481481481481,6319,81.75,81.688156,2
490,Felicia Christensen,B,70,73,55,96,54,4015,1.7454545454545454,6720,79.57,79.5282,2
491,Collin Rodriguez,D,93,77,71,75,17,5467,4.166666666666667,6975,81.91,80.77007,1
492,Colleen Sanders,B,81,95,70,50,25,6650,1.9230769230769231,4050,76.69,76.96927,1
493,Erin Hicks,A,99,93,52,56,27,4836,2,5544,79.04,78.94983,2
494,Shannon Hutchinson,D,72,96,76,66,42,7296,1.5348837209302326,4752,77.44,77.41936,1
495,William Smith,A,62,44,42,97,10,1848,8.818181818181818,6014,59.83,65.9237,2
496,Allison Erickson,A,54,57,95,66,21,5415,3,3564,63.25,65.23968,1
497,Annette Little,D,53,55,95,88,15,5225,5.5,4664,67.66,67.65625,1
498,Kayla Vincent,B,77,47,45,77,50,2115,1.5098039215686274,5929,68.92,68.75605,2
499,Steven Dudley,D,63,64,57,55,14,3648,3.6666666666666665,3465,60.74,60.739056,2
500,Brandon Gomez,B,57,71,64,51,25,4544,1.9615384615384615,2907,60.32,60.272408,0
